[
    {
        "id_actividad": 1,
        "nombre": "Yoga en el Parque",
        "descripcion": "Sesión de yoga al aire libre para todos los niveles.",
        "categoria": "Salud y Bienestar",
        "estado": "Programada",
        "imagen": "yoga_parque.jpg",
        "etiqueta": "yoga",
        "fecha_registro": "2024-06-01",
        "fecha_hora_realizada": "2024-06-20 07:00:00"
    },
    {
        "id_actividad": 2,
        "nombre": "Taller de Pintura",
        "descripcion": "Clase de pintura para principiantes con todos los materiales incluidos.",
        "categoria": "Arte y Cultura",
        "estado": "Completada",
        "imagen": "taller_pintura.jpg",
        "etiqueta": "arte",
        "fecha_registro": "2024-06-02",
        "fecha_hora_realizada": "2024-06-18 15:00:00"
    },
    {
        "id_actividad": 3,
        "nombre": "Conferencia de Tecnología",
        "descripcion": "Charla sobre las últimas tendencias en tecnología y su impacto en la sociedad.",
        "categoria": "Tecnología",
        "estado": "Programada",
        "imagen": "conferencia_tecnologia.jpg",
        "etiqueta": "tecnología",
        "fecha_registro": "2024-06-03",
        "fecha_hora_realizada": "2024-07-01 10:00:00"
    },
    {
        "id_actividad": 4,
        "nombre": "Caminata Ecológica",
        "descripcion": "Excursión para conocer y cuidar el entorno natural de nuestra comunidad.",
        "categoria": "Medio Ambiente",
        "estado": "Cancelada",
        "imagen": "caminata_ecologica.jpg",
        "etiqueta": "naturaleza",
        "fecha_registro": "2024-06-04",
        "fecha_hora_realizada": "2024-06-25 08:00:00"
    },
    {
        "id_actividad": 5,
        "nombre": "Curso de Cocina Vegana",
        "descripcion": "Aprende a preparar deliciosos platos veganos en este curso intensivo.",
        "categoria": "Gastronomía",
        "estado": "Completada",
        "imagen": "curso_cocina_vegana.jpg",
        "etiqueta": "cocina",
        "fecha_registro": "2024-06-05",
        "fecha_hora_realizada": "2024-06-15 11:00:00"
    }
]