[
    {
        "id_carrera": 1,
        "nombre": "Ingeniería Civil",
        "descripcion": "Carrera orientada a la planificación, diseño y construcción de obras civiles.",
        "perfil_profesional": "Profesionales capaces de liderar proyectos de infraestructura civil.",
        "mercado_laboral": "Obras públicas, construcción privada, consultorías de ingeniería."
    },
    {
        "id_carrera": 2,
        "nombre": "Administración de Empresas",
        "descripcion": "Carrera enfocada en la gestión estratégica y operativa de organizaciones.",
        "perfil_profesional": "Líderes empresariales con habilidades en gestión, finanzas y recursos humanos.",
        "mercado_laboral": "Empresas privadas, consultorías empresariales, gestión pública."
    },
    {
        "id_carrera": 3,
        "nombre": "Psicología",
        "descripcion": "Estudio del comportamiento humano y sus procesos mentales.",
        "perfil_profesional": "Psicólogos capacitados para la evaluación y tratamiento de problemas psicológicos.",
        "mercado_laboral": "Salud mental, educación, recursos humanos, investigación."
    },
    {
        "id_carrera": 4,
        "nombre": "Derecho",
        "descripcion": "Carrera centrada en el estudio del sistema jurídico y la resolución de conflictos legales.",
        "perfil_profesional": "Abogados con conocimientos en derecho civil, penal, laboral y constitucional.",
        "mercado_laboral": "Bufetes de abogados, organismos gubernamentales, empresas privadas."
    },
    {
        "id_carrera": 5,
        "nombre": "Medicina",
        "descripcion": "Carrera dedicada al estudio de la salud humana y el tratamiento de enfermedades.",
        "perfil_profesional": "Médicos especializados en diagnóstico, tratamiento y prevención de enfermedades.",
        "mercado_laboral": "Hospitales, clínicas, investigación médica, salud pública."
    }
]