[
    {
        "id": 1,
        "nombre_ciclo": "Ciclo Escolar 2023-2024",
        "fecha_inicio_clases": "2023-09-01",
        "fecha_final_clases": "2024-06-30",
        "fecha_inicio_evaluaciones": "2024-07-01",
        "fecha_final_evaluaciones": "2024-07-15"
    },
    {
        "id": 2,
        "nombre_ciclo": "Ciclo Primavera 2025",
        "fecha_inicio_clases": "2025-01-15",
        "fecha_final_clases": "2025-05-30",
        "fecha_inicio_evaluaciones": "2025-06-01",
        "fecha_final_evaluaciones": "2025-06-15"
    },
    {
        "id": 3,
        "nombre_ciclo": "Ciclo Otoño 2022",
        "fecha_inicio_clases": "2022-08-15",
        "fecha_final_clases": "2022-12-20",
        "fecha_inicio_evaluaciones": "2022-12-21",
        "fecha_final_evaluaciones": "2023-01-15"
    },
    {
        "id": 4,
        "nombre_ciclo": "Ciclo Verano 2024",
        "fecha_inicio_clases": "2024-05-01",
        "fecha_final_clases": "2024-07-15",
        "fecha_inicio_evaluaciones": "2024-07-16",
        "fecha_final_evaluaciones": "2024-08-01"
    },
    {
        "id": 5,
        "nombre_ciclo": "Ciclo Invierno 2023",
        "fecha_inicio_clases": "2023-11-01",
        "fecha_final_clases": "2024-02-28",
        "fecha_inicio_evaluaciones": "2024-03-01",
        "fecha_final_evaluaciones": "2024-03-15"
    }
]