[
    {
        "id": 1,
        "nombre": "Introducción a la Programación",
        "sigla": "INTPROG",
        "descripcion": "Curso introductorio sobre los fundamentos de la programación.",
        "modalidad": "Presencial",
        "cantidad_creditos": "4 créditos",
        "horas_lectivas": "60:00:00",
        "horas_trabajo_independiente": "30:00:00"
    },
    {
        "id": 2,
        "nombre": "Marketing Digital",
        "sigla": "MARKDIG",
        "descripcion": "Curso sobre estrategias y herramientas de marketing en entornos digitales.",
        "modalidad": "Virtual",
        "cantidad_creditos": "3 créditos",
        "horas_lectivas": "45:00:00",
        "horas_trabajo_independiente": "20:00:00"
    },
    {
        "id": 3,
        "nombre": "Diseño Gráfico Avanzado",
        "sigla": "DISEGRAV",
        "descripcion": "Curso avanzado de diseño gráfico utilizando herramientas profesionales.",
        "modalidad": "Presencial",
        "cantidad_creditos": "5 créditos",
        "horas_lectivas": "75:00:00",
        "horas_trabajo_independiente": "40:00:00"
    },
    {
        "id": 4,
        "nombre": "Inglés Intermedio",
        "sigla": "INGINTER",
        "descripcion": "Curso de inglés nivel intermedio para mejorar habilidades comunicativas.",
        "modalidad": "Presencial",
        "cantidad_creditos": "3 créditos",
        "horas_lectivas": "50:00:00",
        "horas_trabajo_independiente": "25:00:00"
    },
    {
        "id": 5,
        "nombre": "Gestión de Proyectos",
        "sigla": "GESTPRO",
        "descripcion": "Curso sobre metodologías y herramientas para la gestión efectiva de proyectos.",
        "modalidad": "Virtual",
        "cantidad_creditos": "4 créditos",
        "horas_lectivas": "60:00:00",
        "horas_trabajo_independiente": "30:00:00"
    }
]