[
    {
        "id_evaluacion": 1,
        "porcentaje": 75.50,
        "tipo": "Prueba escrita",
        "tiempo_estimado": "01:30:00",
        "actividad_id": 1
    },
    {
        "id_evaluacion": 2,
        "porcentaje": 60.00,
        "tipo": "Examen oral",
        "tiempo_estimado": "01:00:00",
        "actividad_id": 2
    },
    {
        "id_evaluacion": 3,
        "porcentaje": 85.25,
        "tipo": "Presentación",
        "tiempo_estimado": "02:00:00",
        "actividad_id": 3
    },
    {
        "id_evaluacion": 4,
        "porcentaje": 90.00,
        "tipo": "Prueba práctica",
        "tiempo_estimado": "02:30:00",
        "actividad_id": 4
    },
    {
        "id_evaluacion": 5,
        "porcentaje": 70.75,
        "tipo": "Proyecto final",
        "tiempo_estimado": "03:00:00",
        "actividad_id": 5
    }
]