[
    {
        "id_grupo": 1,
        "descripcion": "Grupo A de primer año",
        "numero_grupo": 101,
        "ciclo_id": 1
    },
    {
        "id_grupo": 2,
        "descripcion": "Grupo B de segundo año",
        "numero_grupo": 202,
        "ciclo_id": 2
    },
    {
        "id_grupo": 3,
        "descripcion": "Grupo C de tercer año",
        "numero_grupo": 303,
        "ciclo_id": 3
    },
    {
        "id_grupo": 4,
        "descripcion": "Grupo D de cuarto año",
        "numero_grupo": 404,
        "ciclo_id": 4
    },
    {
        "id_grupo": 5,
        "descripcion": "Grupo E de quinto año",
        "numero_grupo": 505,
        "ciclo_id": 5
    }
]