[
    {
        "id": 1,
        "nombre": "Módulo de Introducción",
        "descripcion": "Este módulo proporciona una introducción a los conceptos básicos del tema."
    },
    {
        "id": 2,
        "nombre": "Módulo Avanzado",
        "descripcion": "Módulo avanzado que profundiza en temas específicos y técnicas avanzadas."
    },
    {
        "id": 3,
        "nombre": "Módulo Práctico",
        "descripcion": "Enfoque práctico con ejercicios y laboratorios para aplicar los conocimientos adquiridos."
    },
    {
        "id": 4,
        "nombre": "Módulo Teórico",
        "descripcion": "Módulo teórico que explora los fundamentos teóricos y conceptuales del tema."
    },
    {
        "id": 5,
        "nombre": "Módulo de Proyecto",
        "descripcion": "Módulo centrado en la realización de un proyecto final para integrar todos los aprendizajes."
    }
]