[
    {
        "id": 1,
        "nombre": "Opción A",
        "descripcion": "Esta es la primera opción"
    },
    {
        "id": 2,
        "nombre": "Opción B",
        "descripcion": "Descripción de la segunda opción"
    },
    {
        "id": 3,
        "nombre": "Opción C",
        "descripcion": "Descripción detallada de la tercera opción"
    },
    {
        "id": 4,
        "nombre": "Opción D",
        "descripcion": "Descripción breve de la cuarta opción"
    },
    {
        "id": 5,
        "nombre": "Opción E",
        "descripcion": "Información adicional sobre la quinta opción"
    }
]