[
    {
        "id": 1,
        "descripcion": "Perfil de administrador con acceso completo al sistema.",
        "tipo_perfil": "Administrador"
    },
    {
        "id": 2,
        "descripcion": "Perfil de usuario regular con acceso limitado a funcionalidades específicas.",
        "tipo_perfil": "Usuario Regular"
    },
    {
        "id": 3,
        "descripcion": "Perfil de moderador encargado de supervisar actividades y contenido.",
        "tipo_perfil": "Moderador"
    },
    {
        "id": 4,
        "descripcion": "Perfil de invitado con acceso temporal a funciones básicas.",
        "tipo_perfil": "Invitado"
    },
    {
        "id": 5,
        "descripcion": "Perfil de desarrollador con acceso especial a herramientas de desarrollo.",
        "tipo_perfil": "Desarrollador"
    }
]