[
    {
        "id": 1,
        "descripcion": "Plan de estudios para la carrera de Ingeniería en Informática",
        "cantidad_creditos": "200 créditos",
        "fecha_vigor": "2023-09-01",
        "fecha_aprobacion": "2023-05-15",
        "carrera_codigo": "INGINFO"
    },
    {
        "id": 2,
        "descripcion": "Plan de estudios para la carrera de Administración de Empresas",
        "cantidad_creditos": "180 créditos",
        "fecha_vigor": "2024-01-15",
        "fecha_aprobacion": "2023-10-20",
        "carrera_codigo": "ADMBUS"
    },
    {
        "id": 3,
        "descripcion": "Plan de estudios para la carrera de Diseño Gráfico",
        "cantidad_creditos": "160 créditos",
        "fecha_vigor": "2023-08-01",
        "fecha_aprobacion": "2023-04-10",
        "carrera_codigo": "DISGRAF"
    },
    {
        "id": 4,
        "descripcion": "Plan de estudios para la carrera de Medicina",
        "cantidad_creditos": "240 créditos",
        "fecha_vigor": "2023-10-01",
        "fecha_aprobacion": "2023-06-30",
        "carrera_codigo": "MEDICIN"
    },
    {
        "id": 5,
        "descripcion": "Plan de estudios para la carrera de Psicología",
        "cantidad_creditos": "180 créditos",
        "fecha_vigor": "2024-02-01",
        "fecha_aprobacion": "2023-11-15",
        "carrera_codigo": "PSICOLO"
    }
]