[
    {
        "id": 1,
        "horas_envio": "08:00:00",
        "mensaje_enviado": "Reunión a las 10 AM"
    },
    {
        "id": 2,
        "horas_envio": "09:30:00",
        "mensaje_enviado": "Clase de yoga a las 11 AM"
    },
    {
        "id": 3,
        "horas_envio": "14:00:00",
        "mensaje_enviado": "Cita médica a las 3 PM"
    },
    {
        "id": 4,
        "horas_envio": "16:45:00",
        "mensaje_enviado": "Entrega de proyecto a las 5 PM"
    },
    {
        "id": 5,
        "horas_envio": "19:00:00",
        "mensaje_enviado": "Cena con amigos a las 8 PM"
    }
]