[
    {
        "id": 1,
        "tipo_usuario": "Administrador",
        "nombre_usuario": "admin01",
        "nombre": "Juan",
        "apellido": "Pérez",
        "correo": "juan.perez@example.com",
        "telefono": "1234567890",
        "carnet": "A123456"
    },
    {
        "id": 2,
        "tipo_usuario": "Cliente",
        "nombre_usuario": "cliente02",
        "nombre": "Ana",
        "apellido": "García",
        "correo": "ana.garcia@example.com",
        "telefono": "0987654321",
        "carnet": "B234567"
    },
    {
        "id": 3,
        "tipo_usuario": "Moderador",
        "nombre_usuario": "mod03",
        "nombre": "Luis",
        "apellido": "Martínez",
        "correo": "luis.martinez@example.com",
        "telefono": "1122334455",
        "carnet": "C345678"
    },
    {
        "id": 4,
        "tipo_usuario": "Usuario",
        "nombre_usuario": "user04",
        "nombre": "María",
        "apellido": "López",
        "correo": "maria.lopez@example.com",
        "telefono": "5566778899",
        "carnet": "D456789"
    },
    {
        "id": 5,
        "tipo_usuario": "Invitado",
        "nombre_usuario": "guest05",
        "nombre": "Pedro",
        "apellido": "Sánchez",
        "correo": "pedro.sanchez@example.com",
        "telefono": "6677889900",
        "carnet": "E567890"
    }
]